name,sku,status,quantity,my_price_cad,official_price_usd,official_url,image_url
Albee Bee,,Sold,0,65.00,30.00,https://us.jellycat.com/albee-bee/,https://tse2.mm.bing.net/th?q=Jellycat+Albee+Bee&w=800&h=800&c=7&rs=1&p=0
Amuseables Acered Maple Syrup,,Not in stock,0,85.00,,https://us.jellycat.com/search.php?search_query=Amuseables+Acered+Maple+Syrup,https://tse2.mm.bing.net/th?q=Jellycat+Amuseables+Acered+Maple+Syrup&w=800&h=800&c=7&rs=1&p=0
Amuseables Arlette Heart Macaron (Red),,Not in stock,0,65.00,33.00,https://us.jellycat.com/amuseables-arlette-heart-macaron/,https://tse2.mm.bing.net/th?q=Jellycat+Amuseables+Arlette+Heart+Macaron+%28Red%29&w=800&h=800&c=7&rs=1&p=0
Amuseables Asparagus,,Not in stock,0,100.00,55.00,https://us.jellycat.com/amuseables-asparagus/,https://tse2.mm.bing.net/th?q=Jellycat+Amuseables+Asparagus&w=800&h=800&c=7&rs=1&p=0
Amuseables Baguette Bag,,Not in stock,0,60.00,,https://us.jellycat.com/search.php?search_query=Amuseables+Baguette+Bag,https://tse2.mm.bing.net/th?q=Jellycat+Amuseables+Baguette+Bag&w=800&h=800&c=7&rs=1&p=0
Amuseables Birthday Cake,,Not in stock,0,75.00,38.00,https://us.jellycat.com/amuseables-birthday-cake/,https://tse2.mm.bing.net/th?q=Jellycat+Amuseables+Birthday+Cake&w=800&h=800&c=7&rs=1&p=0
Amuseables Black Hole Bag Charm,,Not in stock,0,65.00,30.00,https://us.jellycat.com/amuseables-black-hole-bag-charm/,https://tse2.mm.bing.net/th?q=Jellycat+Amuseables+Black+Hole+Bag+Charm&w=800&h=800&c=7&rs=1&p=0
Amuseables Boiled Egg Scientist Outfit,,Not in stock,0,65.00,33.00,https://us.jellycat.com/amuseables-boiled-egg-scientist-outfit/,https://tse2.mm.bing.net/th?q=Jellycat+Amuseables+Boiled+Egg+Scientist+Outfit&w=800&h=800&c=7&rs=1&p=0
Amuseables Bouquet of Flowers,,Not in stock,0,100.00,55.00,https://us.jellycat.com/amuseables-bouquet-of-flowers/,https://tse2.mm.bing.net/th?q=Jellycat+Amuseables+Bouquet+of+Flowers&w=800&h=800&c=7&rs=1&p=0
Amuseables Broccoli,,Not in stock,0,110.00,60.00,https://us.jellycat.com/amuseables-broccoli/,https://tse2.mm.bing.net/th?q=Jellycat+Amuseables+Broccoli&w=800&h=800&c=7&rs=1&p=0
Amuseables Caprese Baguette,,Not in stock,0,75.00,,https://us.jellycat.com/search.php?search_query=Amuseables+Caprese+Baguette,https://tse2.mm.bing.net/th?q=Jellycat+Amuseables+Caprese+Baguette&w=800&h=800&c=7&rs=1&p=0
Amuseables Carole Canelé,A6CNE,Not in stock,0,55.00,25.00,https://us.jellycat.com/amuseables-carole-canele/,https://tse2.mm.bing.net/th?q=Jellycat+Amuseables+Carole+Canel%C3%A9&w=800&h=800&c=7&rs=1&p=0
Amuseables Carrot,,Not in stock,0,85.00,45.00,https://us.jellycat.com/amuseables-carrot/,https://tse2.mm.bing.net/th?q=Jellycat+Amuseables+Carrot&w=800&h=800&c=7&rs=1&p=0
Amuseables Carrot Cake,,Not in stock,0,85.00,45.00,https://us.jellycat.com/amuseables-carrot-cake/,https://tse2.mm.bing.net/th?q=Jellycat+Amuseables+Carrot+Cake&w=800&h=800&c=7&rs=1&p=0
Amuseables Cauliflower,,Not in stock,0,60.00,,https://us.jellycat.com/search.php?search_query=Amuseables+Cauliflower,https://tse2.mm.bing.net/th?q=Jellycat+Amuseables+Cauliflower&w=800&h=800&c=7&rs=1&p=0
Amuseables Coffee Bean Bag,,Not in stock,0,60.00,,https://us.jellycat.com/search.php?search_query=Amuseables+Coffee+Bean+Bag,https://tse2.mm.bing.net/th?q=Jellycat+Amuseables+Coffee+Bean+Bag&w=800&h=800&c=7&rs=1&p=0
Amuseables Colette Heart Macaron (Pink),,Not in stock,0,65.00,33.00,https://us.jellycat.com/amuseables-colette-heart-macaron/,https://tse2.mm.bing.net/th?q=Jellycat+Amuseables+Colette+Heart+Macaron+%28Pink%29&w=800&h=800&c=7&rs=1&p=0
Amuseables Coneroi Temaki,,Not in stock,0,75.00,38.00,https://us.jellycat.com/amuseables-coneroi-temaki/,https://tse2.mm.bing.net/th?q=Jellycat+Amuseables+Coneroi+Temaki&w=800&h=800&c=7&rs=1&p=0
Amuseables Cow,,Not in stock,0,45.00,,https://us.jellycat.com/search.php?search_query=Amuseables+Cow,https://tse2.mm.bing.net/th?q=Jellycat+Amuseables+Cow&w=800&h=800&c=7&rs=1&p=0
Amuseables Heart Boiled Egg,A6BEHE,Not in stock,0,60.00,28.00,https://us.jellycat.com/amuseables-heart-boiled-egg/,https://tse2.mm.bing.net/th?q=Jellycat+Amuseables+Heart+Boiled+Egg&w=800&h=800&c=7&rs=1&p=0
Amuseables Horatio Pistachio,,Not in stock,0,60.00,28.00,https://us.jellycat.com/amuseables-horatio-pistachio/,https://tse2.mm.bing.net/th?q=Jellycat+Amuseables+Horatio+Pistachio&w=800&h=800&c=7&rs=1&p=0
Amuseables Hot Dog,,Not in stock,0,70.00,35.00,https://us.jellycat.com/amuseables-hot-dog/,https://tse2.mm.bing.net/th?q=Jellycat+Amuseables+Hot+Dog&w=800&h=800&c=7&rs=1&p=0
Amuseables Hydrangea,,Not in stock,0,130.00,75.00,https://us.jellycat.com/amuseables-hydrangea/,https://tse2.mm.bing.net/th?q=Jellycat+Amuseables+Hydrangea&w=800&h=800&c=7&rs=1&p=0
Amuseables Ivy,,Not in stock,0,110.00,60.00,https://us.jellycat.com/amuseables-ivy/,https://tse2.mm.bing.net/th?q=Jellycat+Amuseables+Ivy&w=800&h=800&c=7&rs=1&p=0
Amuseables Jellysaucer,A2CRAFT,Not in stock,0,130.00,75.00,https://us.jellycat.com/amuseables-jellysaucer/,https://tse2.mm.bing.net/th?q=Jellycat+Amuseables+Jellysaucer&w=800&h=800&c=7&rs=1&p=0
Amuseables Life Ring,A2LF,Not in stock,0,130.00,75.00,https://us.jellycat.com/amuseables-life-ring/,https://tse2.mm.bing.net/th?q=Jellycat+Amuseables+Life+Ring&w=800&h=800&c=7&rs=1&p=0
"Amuseables Macaron (Mona, Max, Mia)",,Not in stock,0,50.00,,https://us.jellycat.com/search.php?search_query=Amuseables+Macaron+%28Mona%2C+Max%2C+Mia%29,https://tse2.mm.bing.net/th?q=Jellycat+Amuseables+Macaron+%28Mona%2C+Max%2C+Mia%29&w=800&h=800&c=7&rs=1&p=0
Amuseables Macaron brown,,Not in stock,0,50.00,,https://us.jellycat.com/search.php?search_query=Amuseables+Macaron+brown,https://tse2.mm.bing.net/th?q=Jellycat+Amuseables+Macaron+brown&w=800&h=800&c=7&rs=1&p=0
Amuseables Macaron green,,Not in stock,0,50.00,,https://us.jellycat.com/search.php?search_query=Amuseables+Macaron+green,https://tse2.mm.bing.net/th?q=Jellycat+Amuseables+Macaron+green&w=800&h=800&c=7&rs=1&p=0
Amuseables Margaux Madeleine,A6MAD,Not in stock,0,60.00,28.00,https://us.jellycat.com/amuseables-margaux-madeleine/,https://tse2.mm.bing.net/th?q=Jellycat+Amuseables+Margaux+Madeleine&w=800&h=800&c=7&rs=1&p=0
Amuseables May Macaron (Lavender),A6MACL,Not in stock,0,55.00,25.00,https://us.jellycat.com/amuseables-may-macaron-lavender/,https://tse2.mm.bing.net/th?q=Jellycat+Amuseables+May+Macaron+%28Lavender%29&w=800&h=800&c=7&rs=1&p=0
Amuseables Mirielle St. Honoré,,Not in stock,0,75.00,38.00,https://us.jellycat.com/amuseables-mirielle-st-honore/,https://tse2.mm.bing.net/th?q=Jellycat+Amuseables+Mirielle+St.+Honor%C3%A9&w=800&h=800&c=7&rs=1&p=0
Amuseables Mulshi Woodland Floor,,Not in stock,0,75.00,38.00,https://us.jellycat.com/amuseables-mulshi-woodland-floor/,https://tse2.mm.bing.net/th?q=Jellycat+Amuseables+Mulshi+Woodland+Floor&w=800&h=800&c=7&rs=1&p=0
Amuseables Ort & Tum Acorns,,Not in stock,0,75.00,38.00,https://us.jellycat.com/amuseables-ort-tum-acorns/,https://tse2.mm.bing.net/th?q=Jellycat+Amuseables+Ort+%26+Tum+Acorns&w=800&h=800&c=7&rs=1&p=0
Amuseables Pair of Olives,,Not in stock,0,85.00,45.00,https://us.jellycat.com/amuseables-pair-of-olives/,https://tse2.mm.bing.net/th?q=Jellycat+Amuseables+Pair+of+Olives&w=800&h=800&c=7&rs=1&p=0
Amuseables Peach Bag Charm,APEACH4BC,Not in stock,0,65.00,33.00,https://us.jellycat.com/amuseables-peach-bag-charm/,https://tse2.mm.bing.net/th?q=Jellycat+Amuseables+Peach+Bag+Charm&w=800&h=800&c=7&rs=1&p=0
Amuseables Peanut,A6PE,Keep,2,55.00,23.00,https://us.jellycat.com/amuseables-peanut/,https://tse2.mm.bing.net/th?q=Jellycat+Amuseables+Peanut&w=800&h=800&c=7&rs=1&p=0
Amuseables Peanut Bag Charm,APN4BC,In stock,1,50.00,28.00,https://us.jellycat.com/amuseables-peanut-bag-charm/,https://i0.wp.com/spencerthorn.com/wp-content/uploads/2024/10/APN4BC__73766.jpg?fit=1000%2C1000&ssl=1
Amuseables Peanut Space Rodeo Outfit,,Not in stock,0,65.00,33.00,https://us.jellycat.com/amuseables-peanut-space-rodeo-outfit/,https://tse2.mm.bing.net/th?q=Jellycat+Amuseables+Peanut+Space+Rodeo+Outfit&w=800&h=800&c=7&rs=1&p=0
Amuseables Peanut Star Student Outfit,,Not in stock,0,65.00,30.00,https://us.jellycat.com/amuseables-peanut-star-student-outfit/,https://tse2.mm.bing.net/th?q=Jellycat+Amuseables+Peanut+Star+Student+Outfit&w=800&h=800&c=7&rs=1&p=0
Amuseables Peanut Yeti Outfit,,Not in stock,0,65.00,,https://us.jellycat.com/search.php?search_query=Amuseables+Peanut+Yeti+Outfit,https://tse2.mm.bing.net/th?q=Jellycat+Amuseables+Peanut+Yeti+Outfit&w=800&h=800&c=7&rs=1&p=0
Amuseables Pebble,,Not in stock,0,60.00,28.00,https://us.jellycat.com/amuseables-pebble/,https://tse2.mm.bing.net/th?q=Jellycat+Amuseables+Pebble&w=800&h=800&c=7&rs=1&p=0
Amuseables Pencil,,Not in stock,0,70.00,33.00,https://us.jellycat.com/amuseables-pencil/,https://tse2.mm.bing.net/th?q=Jellycat+Amuseables+Pencil&w=800&h=800&c=7&rs=1&p=0
Amuseables Philippe Palmier,A6PAL,Not in stock,0,60.00,28.00,https://us.jellycat.com/amuseables-philippe-palmier/,https://tse2.mm.bing.net/th?q=Jellycat+Amuseables+Philippe+Palmier&w=800&h=800&c=7&rs=1&p=0
Amuseables Pickle,,Not in stock,0,60.00,28.00,https://us.jellycat.com/amuseables-pickle/,https://tse2.mm.bing.net/th?q=Jellycat+Amuseables+Pickle&w=800&h=800&c=7&rs=1&p=0
Amuseables Pink and White Marshmallows,A6MPW,Not in stock,0,65.00,33.00,https://us.jellycat.com/amuseables-pink-and-white-marshmallows/,https://tse2.mm.bing.net/th?q=Jellycat+Amuseables+Pink+and+White+Marshmallows&w=800&h=800&c=7&rs=1&p=0
Amuseables Pink Orchid,A2OCH,Not in stock,0,20.00,55.00,https://us.jellycat.com/amuseables-pink-orchid/,https://tse2.mm.bing.net/th?q=Jellycat+Amuseables+Pink+Orchid&w=800&h=800&c=7&rs=1&p=0
Amuseables Planet Mars,A2MAR,Not in stock,0,85.00,45.00,https://us.jellycat.com/amuseables-planet-mars/,https://tse2.mm.bing.net/th?q=Jellycat+Amuseables+Planet+Mars&w=800&h=800&c=7&rs=1&p=0
Amuseables Rainbow,A2RB,Not in stock,0,50.00,38.00,https://us.jellycat.com/amuseables-rainbow/,https://tse2.mm.bing.net/th?q=Jellycat+Amuseables+Rainbow&w=800&h=800&c=7&rs=1&p=0
Amuseables Rainbow Birthday Cake,A1RBC,Not in stock,0,75.00,65.00,https://us.jellycat.com/amuseables-rainbow-birthday-cake/,https://tse2.mm.bing.net/th?q=Jellycat+Amuseables+Rainbow+Birthday+Cake&w=800&h=800&c=7&rs=1&p=0
Amuseables Ram,,Not in stock,0,45.00,,https://us.jellycat.com/search.php?search_query=Amuseables+Ram,https://tse2.mm.bing.net/th?q=Jellycat+Amuseables+Ram&w=800&h=800&c=7&rs=1&p=0
Amuseables Rose Bouquet,A2BROSE,In stock,1,100.00,55.00,https://us.jellycat.com/amuseables-rose-bouquet/,https://image.floranext.com/instances/lehifloral_com/catalog/product/s/c/screenshot_2025-01-29_at_5.05.10_pm_679ac25dc7549.png.webp?h=700&w=700&r=255&g=255&b=255
Amuseables Ruler,A6RUL,Not in stock,0,70.00,33.00,https://us.jellycat.com/amuseables-ruler/,https://tse2.mm.bing.net/th?q=Jellycat+Amuseables+Ruler&w=800&h=800&c=7&rs=1&p=0
Amuseables S'mores,A4SMR,Not in stock,0,85.00,45.00,https://us.jellycat.com/amuseables-smores/,https://tse2.mm.bing.net/th?q=Jellycat+Amuseables+S%27mores&w=800&h=800&c=7&rs=1&p=0
Amuseables Siofra Shamrock,A6SHM,Not in stock,0,65.00,30.00,https://us.jellycat.com/amuseables-siofra-shamrock/,https://tse2.mm.bing.net/th?q=Jellycat+Amuseables+Siofra+Shamrock&w=800&h=800&c=7&rs=1&p=0
Amuseables Siofra Shamrock Bag Charm,A4SHMBC,Not in stock,0,70.00,35.00,https://us.jellycat.com/amuseables-shamrock-bag-charm/,https://tse2.mm.bing.net/th?q=Jellycat+Amuseables+Siofra+Shamrock+Bag+Charm&w=800&h=800&c=7&rs=1&p=0
Amuseables Soyella Edamame Bean,A4EDA,Not in stock,0,55.00,25.00,https://us.jellycat.com/amuseables-soyella-edamame-bean/,https://tse2.mm.bing.net/th?q=Jellycat+Amuseables+Soyella+Edamame+Bean&w=800&h=800&c=7&rs=1&p=0
Amuseables Space Comet,A4COM,Not in stock,0,85.00,45.00,https://us.jellycat.com/amuseables-space-comet/,https://tse2.mm.bing.net/th?q=Jellycat+Amuseables+Space+Comet&w=800&h=800&c=7&rs=1&p=0
Amuseables Stratto Cloud,A2CL,Not in stock,0,70.00,33.00,https://us.jellycat.com/amuseables-cloud/,https://tse2.mm.bing.net/th?q=Jellycat+Amuseables+Stratto+Cloud&w=800&h=800&c=7&rs=1&p=0
Amuseables Sun 'Roller Skates',A2SUNRS,Not in stock,0,110.00,60.00,https://us.jellycat.com/amuseables-sun-roller-skates/,https://tse2.mm.bing.net/th?q=Jellycat+Amuseables+Sun+%27Roller+Skates%27&w=800&h=800&c=7&rs=1&p=0
Amuseables Sweetcorn,A4SWEE,Not in stock,0,100.00,55.00,https://us.jellycat.com/amuseables-sweetcorn/,https://tse2.mm.bing.net/th?q=Jellycat+Amuseables+Sweetcorn&w=800&h=800&c=7&rs=1&p=0
Amuseables Taco,,Not in stock,0,55.00,,https://us.jellycat.com/search.php?search_query=Amuseables+Taco,https://tse2.mm.bing.net/th?q=Jellycat+Amuseables+Taco&w=800&h=800&c=7&rs=1&p=0
Amuseables Watering Can,A2WC,Not in stock,0,110.00,60.00,https://us.jellycat.com/amuseables-watering-can/,https://tse2.mm.bing.net/th?q=Jellycat+Amuseables+Watering+Can&w=800&h=800&c=7&rs=1&p=0
Amuseables Zapperty Lightning Bolt,A2BLT,Not in stock,0,85.00,45.00,https://us.jellycat.com/amuseables-zapperty-lightning-bolt/,https://tse2.mm.bing.net/th?q=Jellycat+Amuseables+Zapperty+Lightning+Bolt&w=800&h=800&c=7&rs=1&p=0
Aruba Coconut,,Sold,0,60.00,,https://us.jellycat.com/search.php?search_query=Aruba+Coconut,https://tse2.mm.bing.net/th?q=Jellycat+Aruba+Coconut&w=800&h=800&c=7&rs=1&p=0
Bartholomew Bear 'Heartthrob',,Sold,0,80.00,,https://us.jellycat.com/search.php?search_query=Bartholomew+Bear+%27Heartthrob%27,https://tse2.mm.bing.net/th?q=Jellycat+Bartholomew+Bear+%27Heartthrob%27&w=800&h=800&c=7&rs=1&p=0
Bartholomew Bear 'Snow Suit',,Keep,1,115.00,,https://us.jellycat.com/search.php?search_query=Bartholomew+Bear+%27Snow+Suit%27,https://tse2.mm.bing.net/th?q=Jellycat+Bartholomew+Bear+%27Snow+Suit%27&w=800&h=800&c=7&rs=1&p=0
Bartholomew Bear All-in-one Outfit,BAR2ONE,Not in stock,0,110.00,60.00,https://us.jellycat.com/bartholomew-bear-all-in-one-outfit/,https://tse2.mm.bing.net/th?q=Jellycat+Bartholomew+Bear+All-in-one+Outfit&w=800&h=800&c=7&rs=1&p=0
Bartholomew Bear Bathrobe,BARM2BR,Sold,0,90.00,50.00,https://us.jellycat.com/bartholomew-bear-bathrobe/,https://tse2.mm.bing.net/th?q=Jellycat+Bartholomew+Bear+Bathrobe&w=800&h=800&c=7&rs=1&p=0
Bartholomew Bear Daffodil Outfit,BARM2FL,Keep,1,115.00,65.00,https://us.jellycat.com/bartholomew-bear-daffodil-outfit/,https://tse2.mm.bing.net/th?q=Jellycat+Bartholomew+Bear+Daffodil+Outfit&w=800&h=800&c=7&rs=1&p=0
Bartholomew Bear Hiking Outfit,BARM2OD,Not in stock,0,135.00,80.00,https://us.jellycat.com/bartholomew-bear-hiking-outfit/,https://tse2.mm.bing.net/th?q=Jellycat+Bartholomew+Bear+Hiking+Outfit&w=800&h=800&c=7&rs=1&p=0
Bartholomew Bear Junior,BARM6BO,Not in stock,0,65.00,33.00,https://us.jellycat.com/bartholomew-bear-junior/,https://tse2.mm.bing.net/th?q=Jellycat+Bartholomew+Bear+Junior&w=800&h=800&c=7&rs=1&p=0
Bartholomew Bear Medium,BARM3BR,Not in stock,0,65.00,33.00,https://us.jellycat.com/bartholomew-bear/,https://tse2.mm.bing.net/th?q=Jellycat+Bartholomew+Bear+Medium&w=800&h=800&c=7&rs=1&p=0
Bartholomew Bear Seafarer Outfit,BARM2FM,Not in stock,0,130.00,75.00,https://us.jellycat.com/bartholomew-bear-seafarer-outfit/,https://tse2.mm.bing.net/th?q=Jellycat+Bartholomew+Bear+Seafarer+Outfit&w=800&h=800&c=7&rs=1&p=0
Bashful Beige Bunny 'Birthday,,Keep,1,,,https://us.jellycat.com/search.php?search_query=Bashful+Beige+Bunny+%27Birthday,https://tse2.mm.bing.net/th?q=Jellycat+Bashful+Beige+Bunny+%27Birthday&w=800&h=800&c=7&rs=1&p=0
Bashful Beige Bunny 'Birthday' (Medium),BAS3BEBB,Sold,0,100.00,50.00,https://us.jellycat.com/bashful-beige-birthday-bunny/,https://tse2.mm.bing.net/th?q=Jellycat+Bashful+Beige+Bunny+%27Birthday%27+%28Medium%29&w=800&h=800&c=7&rs=1&p=0
Bashful Beige Bunny Original,BAS3B,Not in stock,0,65.00,33.00,https://us.jellycat.com/bashful-beige-bunny/,https://tse2.mm.bing.net/th?q=Jellycat+Bashful+Beige+Bunny+Original&w=800&h=800&c=7&rs=1&p=0
Bashful Beige Bunny Soother,SO4BB,Not in stock,0,65.00,33.00,https://us.jellycat.com/bashful-bunny-soothers/,https://tse2.mm.bing.net/th?q=Jellycat+Bashful+Beige+Bunny+Soother&w=800&h=800&c=7&rs=1&p=0
Bashful Bunny Graduation Outfit,BAS3GRAD,Not in stock,0,110.00,60.00,https://us.jellycat.com/bashful-bunny-graduation-outfit/,https://tse2.mm.bing.net/th?q=Jellycat+Bashful+Bunny+Graduation+Outfit&w=800&h=800&c=7&rs=1&p=0
Bashful Bunny with Christmas Tree,,Keep,1,70.00,,https://us.jellycat.com/search.php?search_query=Bashful+Bunny+with+Christmas+Tree,https://tse2.mm.bing.net/th?q=Jellycat+Bashful+Bunny+with+Christmas+Tree&w=800&h=800&c=7&rs=1&p=0
Bashful Carrot Bunny,,Not in stock,0,60.00,,https://us.jellycat.com/search.php?search_query=Bashful+Carrot+Bunny,https://tse2.mm.bing.net/th?q=Jellycat+Bashful+Carrot+Bunny&w=800&h=800&c=7&rs=1&p=0
Bashful Cream Bunny Original,BAS3BC,Not in stock,0,65.00,33.00,https://us.jellycat.com/bashful-cream-bunny/,https://tse2.mm.bing.net/th?q=Jellycat+Bashful+Cream+Bunny+Original&w=800&h=800&c=7&rs=1&p=0
Bashful Rufferty Black & Cream Puppy Original,BAS3BCP,Not in stock,0,65.00,33.00,https://us.jellycat.com/bashful-black-cream-puppy/,https://tse2.mm.bing.net/th?q=Jellycat+Bashful+Rufferty+Black+%26+Cream+Puppy+Original&w=800&h=800&c=7&rs=1&p=0
Bashful Silver Bunny Original,BAS3BS,Not in stock,0,65.00,33.00,https://us.jellycat.com/bashful-silver-bunny/,https://tse2.mm.bing.net/th?q=Jellycat+Bashful+Silver+Bunny+Original&w=800&h=800&c=7&rs=1&p=0
Bashful Woodland Bunny,CTM3B,In stock,1,60.00,33.00,https://us.jellycat.com/bashful-woodland-bunny/,https://modernnaturalbaby.com/cdn/shop/products/BAS3BW_1800x1800_f46254be-879b-449b-9c25-62c1c74c4d45.jpg?v=1679068061
Betty Corgi,,Sold,0,50.00,28.00,https://us.jellycat.com/betty-corgi-bag-charm/,https://tse2.mm.bing.net/th?q=Jellycat+Betty+Corgi&w=800&h=800&c=7&rs=1&p=0
Birthday Cake,,Sold,0,60.00,,https://us.jellycat.com/search.php?search_query=Birthday+Cake,https://tse2.mm.bing.net/th?q=Jellycat+Birthday+Cake&w=800&h=800&c=7&rs=1&p=0
Blashful Blush Bunny (Medium),,Sold,0,60.00,,https://us.jellycat.com/search.php?search_query=Blashful+Blush+Bunny+%28Medium%29,https://tse2.mm.bing.net/th?q=Jellycat+Blashful+Blush+Bunny+%28Medium%29&w=800&h=800&c=7&rs=1&p=0
Blossom Blush Bunny 'Cherry' Little,,Not in stock,0,55.00,,https://us.jellycat.com/search.php?search_query=Blossom+Blush+Bunny+%27Cherry%27+Little,https://tse2.mm.bing.net/th?q=Jellycat+Blossom+Blush+Bunny+%27Cherry%27+Little&w=800&h=800&c=7&rs=1&p=0
Blossom Blush Bunny 'Cherry' Original,,Not in stock,0,65.00,,https://us.jellycat.com/search.php?search_query=Blossom+Blush+Bunny+%27Cherry%27+Original,https://tse2.mm.bing.net/th?q=Jellycat+Blossom+Blush+Bunny+%27Cherry%27+Original&w=800&h=800&c=7&rs=1&p=0
Blossom Blush Bunny Keyring,,Keep,1,,,https://us.jellycat.com/search.php?search_query=Blossom+Blush+Bunny+Keyring,https://tse2.mm.bing.net/th?q=Jellycat+Blossom+Blush+Bunny+Keyring&w=800&h=800&c=7&rs=1&p=0
Blossom Cream Bunny 'Berry' Original,BMP3MS,Not in stock,0,65.00,33.00,https://us.jellycat.com/blossom-cream-bunny-berry/,https://tse2.mm.bing.net/th?q=Jellycat+Blossom+Cream+Bunny+%27Berry%27+Original&w=800&h=800&c=7&rs=1&p=0
Blushkin Blossom Bunny Bag Charm,BP4ROSE,Not in stock,0,65.00,30.00,https://us.jellycat.com/blushkin-blossom-bunny-bag-charm/,https://tse2.mm.bing.net/th?q=Jellycat+Blushkin+Blossom+Bunny+Bag+Charm&w=800&h=800&c=7&rs=1&p=0
Blushkin Blossom Luxe Bunny Original,BAS3ROSE,Not in stock,0,95.00,50.00,https://us.jellycat.com/blushkin-blossom-luxe-bunny-original/,https://tse2.mm.bing.net/th?q=Jellycat+Blushkin+Blossom+Luxe+Bunny+Original&w=800&h=800&c=7&rs=1&p=0
Bretti Yeti,YEN2YET,Not in stock,0,115.00,65.00,https://us.jellycat.com/bretti-yeti/,https://tse2.mm.bing.net/th?q=Jellycat+Bretti+Yeti&w=800&h=800&c=7&rs=1&p=0
Candy Cane,,Sold,0,50.00,,https://us.jellycat.com/search.php?search_query=Candy+Cane,https://tse2.mm.bing.net/th?q=Jellycat+Candy+Cane&w=800&h=800&c=7&rs=1&p=0
Canterneigh Pony,JUNG2H,Not in stock,0,110.00,60.00,https://us.jellycat.com/canterneigh-pony/,https://tse2.mm.bing.net/th?q=Jellycat+Canterneigh+Pony&w=800&h=800&c=7&rs=1&p=0
cherri,,Not in stock,0,75.00,,https://us.jellycat.com/search.php?search_query=cherri,https://tse2.mm.bing.net/th?q=Jellycat+cherri&w=800&h=800&c=7&rs=1&p=0
Chip Seagull,,Not in stock,0,70.00,,https://us.jellycat.com/search.php?search_query=Chip+Seagull,https://tse2.mm.bing.net/th?q=Jellycat+Chip+Seagull&w=800&h=800&c=7&rs=1&p=0
Coral,,Sold,0,50.00,,https://us.jellycat.com/search.php?search_query=Coral,https://tse2.mm.bing.net/th?q=Jellycat+Coral&w=800&h=800&c=7&rs=1&p=0
Cream Bunny with Plant,BB3PLA,Not in stock,0,100.00,55.00,https://us.jellycat.com/cream-bunny-with-plant/,https://tse2.mm.bing.net/th?q=Jellycat+Cream+Bunny+with+Plant&w=800&h=800&c=7&rs=1&p=0
Cream Bunny with Rose,BB6ROSE,Not in stock,0,100.00,55.00,https://us.jellycat.com/cream-bunny-with-rose/,https://tse2.mm.bing.net/th?q=Jellycat+Cream+Bunny+with+Rose&w=800&h=800&c=7&rs=1&p=0
Cream Bunny with Star,BB3STAR,Not in stock,0,100.00,55.00,https://us.jellycat.com/cream-bunny-with-star/,https://tse2.mm.bing.net/th?q=Jellycat+Cream+Bunny+with+Star&w=800&h=800&c=7&rs=1&p=0
Cream Heart Keyring,,Sold,0,50.00,,https://us.jellycat.com/search.php?search_query=Cream+Heart+Keyring,https://tse2.mm.bing.net/th?q=Jellycat+Cream+Heart+Keyring&w=800&h=800&c=7&rs=1&p=0
Croissant,,Sold,0,60.00,28.00,https://us.jellycat.com/amuseables-croissant-bag-charm/,https://tse2.mm.bing.net/th?q=Jellycat+Croissant&w=800&h=800&c=7&rs=1&p=0
Crossant Bag,,Not in stock,0,70.00,,https://us.jellycat.com/search.php?search_query=Crossant+Bag,https://tse2.mm.bing.net/th?q=Jellycat+Crossant+Bag&w=800&h=800&c=7&rs=1&p=0
Derreck Dog,GRU3DG,Not in stock,0,90.00,55.00,https://us.jellycat.com/derreck-dog/,https://tse2.mm.bing.net/th?q=Jellycat+Derreck+Dog&w=800&h=800&c=7&rs=1&p=0
Eclair,,Not in stock,0,50.00,,https://us.jellycat.com/search.php?search_query=Eclair,https://tse2.mm.bing.net/th?q=Jellycat+Eclair&w=800&h=800&c=7&rs=1&p=0
Fancy Carp,KO4C,Not in stock,0,75.00,38.00,https://us.jellycat.com/fancy-carp/,https://tse2.mm.bing.net/th?q=Jellycat+Fancy+Carp&w=800&h=800&c=7&rs=1&p=0
Festival Horse,ROCK4H,Not in stock,0,110.00,60.00,https://us.jellycat.com/festival-horse/,https://tse2.mm.bing.net/th?q=Jellycat+Festival+Horse&w=800&h=800&c=7&rs=1&p=0
Festive Folly Christmas Tree,,Sold,0,35.00,,https://us.jellycat.com/search.php?search_query=Festive+Folly+Christmas+Tree,https://tse2.mm.bing.net/th?q=Jellycat+Festive+Folly+Christmas+Tree&w=800&h=800&c=7&rs=1&p=0
Flower Bouquet,A2BFL,Sold,0,90.00,55.00,https://us.jellycat.com/amuseables-bouquet-of-flowers/,https://tse2.mm.bing.net/th?q=Jellycat+Flower+Bouquet&w=800&h=800&c=7&rs=1&p=0
Flufflet Bunnies Assortment (24 pieces),,Not in stock,0,65.00,,https://us.jellycat.com/search.php?search_query=Flufflet+Bunnies+Assortment+%2824+pieces%29,https://tse2.mm.bing.net/th?q=Jellycat+Flufflet+Bunnies+Assortment+%2824+pieces%29&w=800&h=800&c=7&rs=1&p=0
Golden Puppy,MAL3DOG,Not in stock,0,75.00,38.00,https://us.jellycat.com/golden-puppy/,https://tse2.mm.bing.net/th?q=Jellycat+Golden+Puppy&w=800&h=800&c=7&rs=1&p=0
Hank Hamster,,Sold,0,50.00,,https://us.jellycat.com/search.php?search_query=Hank+Hamster,https://tse2.mm.bing.net/th?q=Jellycat+Hank+Hamster&w=800&h=800&c=7&rs=1&p=0
Heart Dragon,,Not in stock,0,130.00,,https://us.jellycat.com/search.php?search_query=Heart+Dragon,https://tse2.mm.bing.net/th?q=Jellycat+Heart+Dragon&w=800&h=800&c=7&rs=1&p=0
Hoppleston Luxe Bunny Original,BAS3BROW,Not in stock,0,85.00,45.00,https://us.jellycat.com/hoppleston-luxe-bunny-original/,https://tse2.mm.bing.net/th?q=Jellycat+Hoppleston+Luxe+Bunny+Original&w=800&h=800&c=7&rs=1&p=0
Jerboa,JEB3RAT,Not in stock,0,70.00,35.00,https://us.jellycat.com/jerboa/,https://tse2.mm.bing.net/th?q=Jellycat+Jerboa&w=800&h=800&c=7&rs=1&p=0
Keli Pelican,PEL2CAN,Not in stock,0,130.00,75.00,https://us.jellycat.com/keli-pelican/,https://tse2.mm.bing.net/th?q=Jellycat+Keli+Pelican&w=800&h=800&c=7&rs=1&p=0
Kerri Cactus,,Not in stock,0,50.00,,https://us.jellycat.com/search.php?search_query=Kerri+Cactus,https://tse2.mm.bing.net/th?q=Jellycat+Kerri+Cactus&w=800&h=800&c=7&rs=1&p=0
Koala with Message,,Not in stock,0,75.00,,https://us.jellycat.com/search.php?search_query=Koala+with+Message,https://tse2.mm.bing.net/th?q=Jellycat+Koala+with+Message&w=800&h=800&c=7&rs=1&p=0
Larry Lobster Sailor Outfit,LOB2LAR,Not in stock,0,130.00,75.00,https://us.jellycat.com/larry-lobster-sailor-outfit/,https://tse2.mm.bing.net/th?q=Jellycat+Larry+Lobster+Sailor+Outfit&w=800&h=800&c=7&rs=1&p=0
Lazulia Dragon,RBW2DD,Not in stock,0,130.00,75.00,https://us.jellycat.com/lazulia-dragon/,https://tse2.mm.bing.net/th?q=Jellycat+Lazulia+Dragon&w=800&h=800&c=7&rs=1&p=0
Lemonade,A2LMD,Not in stock,0,50.00,33.00,https://us.jellycat.com/amuseables-lemonade/,https://tse2.mm.bing.net/th?q=Jellycat+Lemonade&w=800&h=800&c=7&rs=1&p=0
Leola Bear Medium,BARM2BP,Not in stock,0,65.00,33.00,https://us.jellycat.com/leola-bear/,https://tse2.mm.bing.net/th?q=Jellycat+Leola+Bear+Medium&w=800&h=800&c=7&rs=1&p=0
Little Fox,L3F,Not in stock,0,55.00,25.00,https://us.jellycat.com/little-fox/,https://tse2.mm.bing.net/th?q=Jellycat+Little+Fox&w=800&h=800&c=7&rs=1&p=0
Little Pig,L3P,Not in stock,0,55.00,25.00,https://us.jellycat.com/little-pig/,https://tse2.mm.bing.net/th?q=Jellycat+Little+Pig&w=800&h=800&c=7&rs=1&p=0
Little Pup Bag Charm,L4PUBC,Not in stock,0,40.00,28.00,https://us.jellycat.com/little-pup-bag-charm/,https://tse2.mm.bing.net/th?q=Jellycat+Little+Pup+Bag+Charm&w=800&h=800&c=7&rs=1&p=0
Little Snake,L3S,Not in stock,0,50.00,25.00,https://us.jellycat.com/little-snake/,https://tse2.mm.bing.net/th?q=Jellycat+Little+Snake&w=800&h=800&c=7&rs=1&p=0
Little snow dragon,,Not in stock,0,60.00,,https://us.jellycat.com/search.php?search_query=Little+snow+dragon,https://tse2.mm.bing.net/th?q=Jellycat+Little+snow+dragon&w=800&h=800&c=7&rs=1&p=0
Lovelocks,,Not in stock,0,60.00,,https://us.jellycat.com/search.php?search_query=Lovelocks,https://tse2.mm.bing.net/th?q=Jellycat+Lovelocks&w=800&h=800&c=7&rs=1&p=0
Maffles Manatee,,Not in stock,0,130.00,,https://us.jellycat.com/search.php?search_query=Maffles+Manatee,https://tse2.mm.bing.net/th?q=Jellycat+Maffles+Manatee&w=800&h=800&c=7&rs=1&p=0
Malachy Dragon,,Not in stock,0,130.00,,https://us.jellycat.com/search.php?search_query=Malachy+Dragon,https://tse2.mm.bing.net/th?q=Jellycat+Malachy+Dragon&w=800&h=800&c=7&rs=1&p=0
Marshmellow,,Not in stock,0,60.00,,https://us.jellycat.com/search.php?search_query=Marshmellow,https://tse2.mm.bing.net/th?q=Jellycat+Marshmellow&w=800&h=800&c=7&rs=1&p=0
Marshmellow keychain,,Sold,0,50.00,,https://us.jellycat.com/search.php?search_query=Marshmellow+keychain,https://tse2.mm.bing.net/th?q=Jellycat+Marshmellow+keychain&w=800&h=800&c=7&rs=1&p=0
Merry Mouse,MER3M,In stock,1,50.00,,https://us.jellycat.com/merry-mouse/,https://cdn11.bigcommerce.com/s-c73x07v66v/images/stencil/1280x1280/products/15703/25655/mer3m__88194.1699063955.jpg?c=1
Munro Scottie Dog Bag Charm,MUN4BC,Not in stock,0,50.00,28.00,https://us.jellycat.com/munro-scottie-dog-bag-charm/,https://tse2.mm.bing.net/th?q=Jellycat+Munro+Scottie+Dog+Bag+Charm&w=800&h=800&c=7&rs=1&p=0
Munro Scottie Dog Space Outfit,MUN3SPD,Not in stock,0,110.00,60.00,https://us.jellycat.com/munro-scottie-dog-space-outfit/,https://tse2.mm.bing.net/th?q=Jellycat+Munro+Scottie+Dog+Space+Outfit&w=800&h=800&c=7&rs=1&p=0
Original Grey Bashful Bunny (Medium),,Sold,0,60.00,,https://us.jellycat.com/search.php?search_query=Original+Grey+Bashful+Bunny+%28Medium%29,https://tse2.mm.bing.net/th?q=Jellycat+Original+Grey+Bashful+Bunny+%28Medium%29&w=800&h=800&c=7&rs=1&p=0
Otto Sausage Dog,OT3SD,Not in stock,0,50.00,35.00,https://us.jellycat.com/otto-sausage-dog/,https://tse2.mm.bing.net/th?q=Jellycat+Otto+Sausage+Dog&w=800&h=800&c=7&rs=1&p=0
Parrot,,Not in stock,0,70.00,,https://us.jellycat.com/search.php?search_query=Parrot,https://tse2.mm.bing.net/th?q=Jellycat+Parrot&w=800&h=800&c=7&rs=1&p=0
Pinchsnap Crab,CR2CRB,Not in stock,0,110.00,60.00,https://us.jellycat.com/pinchsnap-crab/,https://tse2.mm.bing.net/th?q=Jellycat+Pinchsnap+Crab&w=800&h=800&c=7&rs=1&p=0
Pip Monster,,Not in stock,0,45.00,,https://us.jellycat.com/search.php?search_query=Pip+Monster,https://tse2.mm.bing.net/th?q=Jellycat+Pip+Monster&w=800&h=800&c=7&rs=1&p=0
Pistachio,,Not in stock,0,60.00,,https://us.jellycat.com/search.php?search_query=Pistachio,https://tse2.mm.bing.net/th?q=Jellycat+Pistachio&w=800&h=800&c=7&rs=1&p=0
Rainbow Birthday Cake,A1RBC,Keep,1,65.00,65.00,https://us.jellycat.com/amuseables-rainbow-birthday-cake/,https://tse2.mm.bing.net/th?q=Jellycat+Rainbow+Birthday+Cake&w=800&h=800&c=7&rs=1&p=0
Raindeer,,Not in stock,0,95.00,,https://us.jellycat.com/search.php?search_query=Raindeer,https://tse2.mm.bing.net/th?q=Jellycat+Raindeer&w=800&h=800&c=7&rs=1&p=0
Red Love Heart Bunny,BB3LOVE,Keep,1,,38.00,https://us.jellycat.com/bashful-red-love-heart-bunny/,https://tse2.mm.bing.net/th?q=Jellycat+Red+Love+Heart+Bunny&w=800&h=800&c=7&rs=1&p=0
Ricky Rain Frog,RR3F,Not in stock,0,65.00,33.00,https://us.jellycat.com/ricky-rain-frog/,https://tse2.mm.bing.net/th?q=Jellycat+Ricky+Rain+Frog&w=800&h=800&c=7&rs=1&p=0
Roarwell Sea Lion,SEA2LN,Not in stock,0,110.00,60.00,https://us.jellycat.com/roarwell-sea-lion/,https://tse2.mm.bing.net/th?q=Jellycat+Roarwell+Sea+Lion&w=800&h=800&c=7&rs=1&p=0
Rockleton,R3RMON,Not in stock,0,130.00,75.00,https://us.jellycat.com/rockleton/,https://tse2.mm.bing.net/th?q=Jellycat+Rockleton&w=800&h=800&c=7&rs=1&p=0
Sandcastle,,Sold,0,95.00,,https://us.jellycat.com/search.php?search_query=Sandcastle,https://tse2.mm.bing.net/th?q=Jellycat+Sandcastle&w=800&h=800&c=7&rs=1&p=0
Sensational Mussel,,Sold,0,40.00,,https://us.jellycat.com/search.php?search_query=Sensational+Mussel,https://tse2.mm.bing.net/th?q=Jellycat+Sensational+Mussel&w=800&h=800&c=7&rs=1&p=0
Skelebat Jim,,Keep,1,50.00,,https://us.jellycat.com/search.php?search_query=Skelebat+Jim,https://tse2.mm.bing.net/th?q=Jellycat+Skelebat+Jim&w=800&h=800&c=7&rs=1&p=0
Skeleton Bob Bag Charm,,Keep,1,55.00,,https://us.jellycat.com/search.php?search_query=Skeleton+Bob+Bag+Charm,https://tse2.mm.bing.net/th?q=Jellycat+Skeleton+Bob+Bag+Charm&w=800&h=800&c=7&rs=1&p=0
Skipson Lamb Original,BAS3LAM,Not in stock,0,65.00,35.00,https://us.jellycat.com/skipson-lamb-original/,https://tse2.mm.bing.net/th?q=Jellycat+Skipson+Lamb+Original&w=800&h=800&c=7&rs=1&p=0
Sky Dragon Bag Charm,SKY4BC,Keep,1,70.00,35.00,https://us.jellycat.com/sky-dragon-bag-charm/,https://tse2.mm.bing.net/th?q=Jellycat+Sky+Dragon+Bag+Charm&w=800&h=800&c=7&rs=1&p=0
Sky Dragon Large,,Not in stock,0,125.00,,https://us.jellycat.com/search.php?search_query=Sky+Dragon+Large,https://tse2.mm.bing.net/th?q=Jellycat+Sky+Dragon+Large&w=800&h=800&c=7&rs=1&p=0
Smudge Cow Original,SMG2C,Not in stock,0,80.00,40.00,https://us.jellycat.com/smudge-cow-original/,https://tse2.mm.bing.net/th?q=Jellycat+Smudge+Cow+Original&w=800&h=800&c=7&rs=1&p=0
Smudge Pig Original,SMG2PG,Not in stock,0,80.00,40.00,https://us.jellycat.com/smudge-pig-original/,https://tse2.mm.bing.net/th?q=Jellycat+Smudge+Pig+Original&w=800&h=800&c=7&rs=1&p=0
Snoozling Hedgehog,,Not in stock,0,50.00,,https://us.jellycat.com/search.php?search_query=Snoozling+Hedgehog,https://tse2.mm.bing.net/th?q=Jellycat+Snoozling+Hedgehog&w=800&h=800&c=7&rs=1&p=0
Snowman,,Sold,0,50.00,,https://us.jellycat.com/search.php?search_query=Snowman,https://tse2.mm.bing.net/th?q=Jellycat+Snowman&w=800&h=800&c=7&rs=1&p=0
Springlowe Luxe Bunny Big,BAH2LPB,Not in stock,0,165.00,100.00,https://us.jellycat.com/springlowe-luxe-bunny-big/,https://tse2.mm.bing.net/th?q=Jellycat+Springlowe+Luxe+Bunny+Big&w=800&h=800&c=7&rs=1&p=0
Squawkatoo,CKT3P,Sold,0,65.00,35.00,https://us.jellycat.com/squawkatoo/,https://tse2.mm.bing.net/th?q=Jellycat+Squawkatoo&w=800&h=800&c=7&rs=1&p=0
Storm cloud,A2SCL,Not in stock,0,55.00,33.00,https://us.jellycat.com/amuseables-storm-cloud/,https://tse2.mm.bing.net/th?q=Jellycat+Storm+cloud&w=800&h=800&c=7&rs=1&p=0
Strutton Pigeon,PIG3EONY,Not in stock,0,95.00,50.00,https://us.jellycat.com/strutton-pigeon/,https://tse2.mm.bing.net/th?q=Jellycat+Strutton+Pigeon&w=800&h=800&c=7&rs=1&p=0
Thimble Turtle,TS4TUR,Not in stock,0,65.00,30.00,https://us.jellycat.com/thimble-turtle/,https://tse2.mm.bing.net/th?q=Jellycat+Thimble+Turtle&w=800&h=800&c=7&rs=1&p=0
Thistlepop Blossom Bunny Bag Charm,BP4MAG,Not in stock,0,65.00,30.00,https://us.jellycat.com/thistlepop-blossom-bunny-bag-charm/,https://tse2.mm.bing.net/th?q=Jellycat+Thistlepop+Blossom+Bunny+Bag+Charm&w=800&h=800&c=7&rs=1&p=0
Thistlepop Blossom Luxe Bunny Original,BAS3MAG,Not in stock,0,95.00,50.00,https://us.jellycat.com/thistlepop-blossom-luxe-bunny-original/,https://tse2.mm.bing.net/th?q=Jellycat+Thistlepop+Blossom+Luxe+Bunny+Original&w=800&h=800&c=7&rs=1&p=0
Timmy Turtle Romantic Outfit,,Not in stock,0,115.00,,https://us.jellycat.com/search.php?search_query=Timmy+Turtle+Romantic+Outfit,https://tse2.mm.bing.net/th?q=Jellycat+Timmy+Turtle+Romantic+Outfit&w=800&h=800&c=7&rs=1&p=0
Trixiwoo Raccoon,RA3CN,Not in stock,0,100.00,55.00,https://us.jellycat.com/trixiwoo-raccoon/,https://tse2.mm.bing.net/th?q=Jellycat+Trixiwoo+Raccoon&w=800&h=800&c=7&rs=1&p=0
Tumblie Sheep Dog Medium,,Not in stock,0,70.00,,https://us.jellycat.com/search.php?search_query=Tumblie+Sheep+Dog+Medium,https://tse2.mm.bing.net/th?q=Jellycat+Tumblie+Sheep+Dog+Medium&w=800&h=800&c=7&rs=1&p=0
Ukulele,,Not in stock,0,80.00,,https://us.jellycat.com/search.php?search_query=Ukulele,https://tse2.mm.bing.net/th?q=Jellycat+Ukulele&w=800&h=800&c=7&rs=1&p=0
Whale,,Sold,0,70.00,,https://us.jellycat.com/search.php?search_query=Whale,https://tse2.mm.bing.net/th?q=Jellycat+Whale&w=800&h=800&c=7&rs=1&p=0
Wonda Wombat,WOM3BAT,Not in stock,0,150.00,55.00,https://us.jellycat.com/wonda-wombat/,https://tse2.mm.bing.net/th?q=Jellycat+Wonda+Wombat&w=800&h=800&c=7&rs=1&p=0
Yummy Bunny,YUM6B,Not in stock,0,55.00,23.00,https://us.jellycat.com/yummy-bunny/,https://tse2.mm.bing.net/th?q=Jellycat+Yummy+Bunny&w=800&h=800&c=7&rs=1&p=0
Zodihop Luxe Bunny Bag Charm,BAS4COSBC,Not in stock,0,65.00,30.00,https://us.jellycat.com/zodihop-luxe-bunny-bag-charm/,https://tse2.mm.bing.net/th?q=Jellycat+Zodihop+Luxe+Bunny+Bag+Charm&w=800&h=800&c=7&rs=1&p=0
Zodihop Luxe Bunny Original,BAS3COS,Not in stock,0,95.00,50.00,https://us.jellycat.com/zodihop-luxe-bunny-original/,https://tse2.mm.bing.net/th?q=Jellycat+Zodihop+Luxe+Bunny+Original&w=800&h=800&c=7&rs=1&p=0
Zyllan Alien,AL3GRE,Not in stock,0,85.00,45.00,https://us.jellycat.com/zyllan-alien/,https://tse2.mm.bing.net/th?q=Jellycat+Zyllan+Alien&w=800&h=800&c=7&rs=1&p=0
